{"SHP_30425_0":[[6.128142,102.239464],[6.127744,102.241806],[6.127519,102.245078],[6.130411,102.251047],[6.132419,102.257406],[6.136278,102.264014],[6.138342,102.26495],[6.144125,102.266767],[6.145853,102.267508],[6.147342,102.267853],[6.150606,102.269283],[6.152633,102.269864],[6.154892,102.271219],[6.156061,102.273228],[6.157892,102.275156],[6.160272,102.276358],[6.162392,102.277856],[6.161992,102.282686],[6.161856,102.292967],[6.160203,102.301056],[6.159581,102.306172],[6.158933,102.311031],[6.158461,102.299594],[6.155353,102.297658],[6.156322,102.2945],[6.156242,102.288819],[6.152153,102.288219],[6.148681,102.291719],[6.147264,102.293031],[6.145511,102.294486],[6.143489,102.299228],[6.147989,102.301042]],"SHP_30426_0":[[6.128142,102.239464],[6.127744,102.241806],[6.129497,102.242908],[6.130628,102.24315],[6.134094,102.244278],[6.134978,102.249653],[6.132661,102.254011],[6.132419,102.257406],[6.136278,102.264014],[6.136903,102.264686],[6.137331,102.269378],[6.136958,102.271717],[6.136803,102.274831],[6.137139,102.279578],[6.136817,102.288617],[6.133519,102.294861],[6.131517,102.298594],[6.130689,102.299925],[6.130486,102.302133],[6.139456,102.307397],[6.143853,102.311353],[6.14665,102.313925],[6.153469,102.317831],[6.161928,102.322881],[6.164903,102.322742],[6.171353,102.321006],[6.173453,102.320967],[6.174097,102.323169]],"SHP_30427_0":[[6.128142,102.239464],[6.127744,102.241806],[6.129497,102.242908],[6.130628,102.24315],[6.134094,102.244278],[6.138467,102.245194],[6.141297,102.245653],[6.144017,102.251767],[6.144911,102.259336],[6.14225,102.265586],[6.144125,102.266767],[6.145853,102.267508],[6.147342,102.267853],[6.150606,102.269283],[6.152633,102.269864],[6.154892,102.271219],[6.156061,102.273228],[6.157892,102.275156],[6.160272,102.276358],[6.162392,102.277856],[6.170072,102.284469],[6.170606,102.289481],[6.17045,102.2929],[6.170122,102.294803],[6.169808,102.296022],[6.169297,102.301525],[6.168694,102.304425],[6.168211,102.309108],[6.171447,102.315539],[6.172978,102.319781],[6.173453,102.320967],[6.174097,102.323169]],"SHP_30428_0":[[6.128142,102.239464],[6.127744,102.241806],[6.129497,102.242908],[6.130628,102.24315],[6.133583,102.241956],[6.132336,102.236786],[6.138131,102.237658],[6.141547,102.235858],[6.144725,102.236806],[6.147653,102.239372],[6.152861,102.244592],[6.157728,102.245606],[6.160917,102.246911],[6.166019,102.249803],[6.169878,102.251228],[6.176833,102.254061],[6.18535,102.261025],[6.185644,102.264364],[6.187625,102.267692],[6.188419,102.268614],[6.190319,102.271442],[6.193939,102.272533],[6.1955,102.27335]],"SHP_30429_0":[[6.128142,102.239464],[6.126106,102.242122],[6.125139,102.240944],[6.125153,102.238242],[6.122772,102.238867],[6.121731,102.239672],[6.119722,102.240775],[6.118192,102.241778],[6.116503,102.2405],[6.116672,102.239419],[6.116928,102.222919],[6.118225,102.22035],[6.118931,102.217358],[6.120497,102.208842],[6.122,102.202133],[6.119928,102.199958],[6.118686,102.197831],[6.120192,102.188494],[6.125817,102.181558],[6.137047,102.172039],[6.141122,102.167783],[6.146103,102.163989],[6.149661,102.160706],[6.157889,102.152833],[6.161481,102.150486],[6.16875,102.141225],[6.172225,102.13045],[6.180797,102.119472],[6.184594,102.109094],[6.193994,102.107486],[6.199214,102.107858],[6.210425,102.110875],[6.217444,102.111906],[6.221739,102.109547],[6.22565,102.103481],[6.228872,102.098347],[6.230189,102.095792],[6.232808,102.092083]],"SHP_30430_0":[[6.128142,102.239464],[6.126106,102.242122],[6.125139,102.240944],[6.125153,102.238242],[6.122772,102.238867],[6.121731,102.239672],[6.119722,102.240775],[6.118192,102.241778],[6.116503,102.2405],[6.116672,102.239419],[6.116928,102.222919],[6.118225,102.22035],[6.118931,102.217358],[6.120497,102.208842],[6.134742,102.216281],[6.142147,102.218392],[6.156011,102.202072],[6.171322,102.187961],[6.17874,102.177212],[6.183378,102.169214],[6.190061,102.168989],[6.198758,102.16765],[6.198506,102.164958],[6.202078,102.155561],[6.209328,102.137878],[6.210447,102.133567],[6.214578,102.127575],[6.217,102.122461],[6.2181,102.117472],[6.221739,102.109547],[6.22565,102.103481],[6.228872,102.098347],[6.230189,102.095792],[6.232808,102.092083]],"SHP_30431_0":[[6.128142,102.239464],[6.126106,102.242122],[6.125139,102.240944],[6.125153,102.238242],[6.122772,102.238867],[6.121731,102.239672],[6.119722,102.240775],[6.118192,102.241778],[6.116031,102.24235],[6.112972,102.242119],[6.110972,102.241778],[6.107222,102.240983],[6.104586,102.240436],[6.099453,102.240244],[6.096431,102.239833],[6.091614,102.239017],[6.088078,102.238694],[6.086647,102.238697],[6.084658,102.236869],[6.084019,102.234222],[6.082728,102.230453],[6.078894,102.228128],[6.075986,102.227461],[6.072656,102.226842],[6.066975,102.226028],[6.062414,102.2229],[6.059264,102.220922],[6.058044,102.220258],[6.053578,102.217678],[6.052353,102.217556],[6.050244,102.215939],[6.048739,102.214247],[6.046547,102.212386],[6.042453,102.207086],[6.04245,102.202047],[6.040778,102.198133],[6.039142,102.194167],[6.038964,102.192467],[6.038769,102.1898],[6.038247,102.186569],[6.037231,102.183344],[6.036347,102.180578],[6.035436,102.1771],[6.034747,102.173933],[6.033733,102.168422],[6.033019,102.163906],[6.033411,102.15915],[6.034358,102.153992],[6.033686,102.150036],[6.030747,102.141422],[6.034036,102.140997],[6.039656,102.141497],[6.043456,102.143536],[6.039408,102.141439],[6.034072,102.141156],[6.032219,102.141483],[6.028756,102.136978],[6.029278,102.131111]],"SHP_30432_0":[[6.128142,102.239464],[6.126106,102.242122],[6.125139,102.240944],[6.125153,102.238242],[6.122772,102.238867],[6.121731,102.239672],[6.119722,102.240775],[6.118192,102.241778],[6.116503,102.2405],[6.116672,102.239419],[6.116928,102.222919],[6.118225,102.22035],[6.118931,102.217358],[6.117617,102.215356],[6.116097,102.214839],[6.112114,102.213722],[6.109353,102.212892],[6.104497,102.211517],[6.099367,102.209894],[6.094517,102.208653],[6.089722,102.207819],[6.083381,102.207094],[6.076656,102.208522],[6.072706,102.207728],[6.068553,102.206456],[6.068861,102.203261],[6.072869,102.197986],[6.074578,102.194117],[6.076581,102.191725],[6.078456,102.189669],[6.082531,102.184856],[6.086803,102.180597],[6.089647,102.178903],[6.091339,102.177886],[6.095561,102.176142],[6.097489,102.173703],[6.099128,102.169681],[6.102336,102.164997],[6.105514,102.159161],[6.105572,102.156619],[6.105808,102.154861],[6.105864,102.148378],[6.106164,102.145728],[6.106833,102.140553],[6.107525,102.137344],[6.107811,102.128803],[6.110086,102.123222],[6.115453,102.12015],[6.11765,102.118933],[6.114242,102.115475],[6.104114,102.107336],[6.100544,102.106828],[6.096236,102.102375],[6.092081,102.100967],[6.086203,102.097956],[6.084194,102.096172],[6.079583,102.088758],[6.075994,102.083303],[6.069892,102.079297],[6.063569,102.079675],[6.062556,102.080936],[6.059319,102.08985],[6.057839,102.092606],[6.055069,102.096767],[6.053508,102.100086],[6.051186,102.105461],[6.051486,102.112342],[6.051878,102.115536],[6.051722,102.117483],[6.052211,102.128744],[6.050475,102.133072],[6.049881,102.135114],[6.047961,102.140614],[6.046742,102.142556],[6.043456,102.143536],[6.039656,102.141497],[6.034036,102.140997],[6.030747,102.141422],[6.028756,102.136978],[6.029278,102.131111]],